-- phpMyAdmin SQL Dump
-- version 4.5.1
-- http://www.phpmyadmin.net
--
-- Host: 127.0.0.1
-- Generation Time: Jul 11, 2017 at 11:25 AM
-- Server version: 10.1.13-MariaDB
-- PHP Version: 5.6.20

SET SQL_MODE = "NO_AUTO_VALUE_ON_ZERO";
SET time_zone = "+00:00";


/*!40101 SET @OLD_CHARACTER_SET_CLIENT=@@CHARACTER_SET_CLIENT */;
/*!40101 SET @OLD_CHARACTER_SET_RESULTS=@@CHARACTER_SET_RESULTS */;
/*!40101 SET @OLD_COLLATION_CONNECTION=@@COLLATION_CONNECTION */;
/*!40101 SET NAMES utf8mb4 */;

--
-- Database: `pibaza`
--

-- --------------------------------------------------------

--
-- Table structure for table `artikli`
--

CREATE TABLE `artikli` (
  `id` int(11) NOT NULL,
  `naziv` varchar(30) NOT NULL,
  `cijena` float NOT NULL,
  `kolicina_na_skladistu` int(11) UNSIGNED NOT NULL,
  `dobavljac` int(11) NOT NULL
) ENGINE=InnoDB DEFAULT CHARSET=latin1;

--
-- Dumping data for table `artikli`
--

INSERT INTO `artikli` (`id`, `naziv`, `cijena`, `kolicina_na_skladistu`, `dobavljac`) VALUES
(1, 'Ožujsko pivo', 6.49, 7043, 1),
(2, 'Domacica', 10.99, 340, 2),
(3, 'Sanitar', 12.15, 37, 6),
(4, 'Tekuci jogurt', 3.25, 335, 5),
(5, 'Kruh bijeli', 6.49, 550, 4),
(6, 'Mlijeko trajno', 5.49, 496, 4),
(7, 'Juha goveda', 6.49, 1282, 3),
(8, 'Vegeta', 11.48, 425, 3),
(9, 'Puding cokoladni', 3.48, 909, 4),
(10, 'Heineken', 7.56, 1600, 1),
(14, 'Mlijecna cokolada', 6.99, 85, 2),
(15, 'Bananko banana', 2.35, 1772, 2),
(16, 'Coksa', 3.49, 605, 2),
(17, 'Zivotinjsko carstvo', 3.21, 1650, 2),
(18, 'Bajadera', 28.99, 527, 2),
(19, 'Griotte', 22.1, 869, 2),
(25, 'Jaffa', 6.47, 759, 2),
(26, 'Napolitanke', 18.5, 337, 2),
(27, 'Tortica', 4.49, 500, 2),
(28, 'Bronhi', 12.99, 176, 2),
(29, 'Kakao prah', 10.45, 85, 2),
(30, 'Ožujsko limun', 7.49, 564, 1),
(31, 'Ožujsko bezalkoholno', 6.5, 1316, 1),
(32, 'Ožujsko psenicno', 8.99, 363, 1),
(33, 'Becks', 7.49, 300, 1),
(34, 'Stella artois', 8.99, 916, 1),
(35, 'Staropramen', 7.49, 781, 1),
(36, 'Leffe', 12.99, 685, 1),
(37, 'Tomislav', 9.49, 128, 1),
(38, 'Lowenbrau', 16.99, 94, 1),
(39, 'Ožujsko bazga', 7.49, 150, 1),
(40, 'Cokolino', 12.55, 2375, 3),
(41, 'Linolada', 18.22, 2089, 3),
(42, 'Crni papar', 9.23, 1242, 3),
(43, 'Origano', 8.5, 438, 3),
(44, 'Griz', 9.99, 718, 3),
(45, 'Riža', 11.49, 414, 3),
(46, 'Ajvar', 22.99, 465, 3),
(47, 'Pivske kobasice', 15.49, 362, 3),
(48, 'Pasteta cajna', 6.77, 119, 3),
(49, 'Feferoni ljuti', 17.99, 42, 3),
(50, 'Fis jabuka', 5.99, 573, 4),
(51, 'Iso sport', 6.49, 1347, 4),
(52, 'Ledeni caj breskva', 6.99, 334, 4),
(53, 'Cocktail', 3.99, 355, 4),
(54, 'Cijelo pile', 18.99, 33, 4),
(55, 'Gavelino', 27.49, 774, 4),
(56, 'Kids ražnjici', 21.99, 148, 4),
(57, 'Mesni dorucak', 6.49, 672, 4),
(58, 'Slavonska sunka', 74.99, 48, 4),
(59, 'Burek', 12.99, 429, 4),
(60, 'Zagrebacki sir', 12.99, 495, 5),
(61, 'Sirni namaz', 5.67, 867, 5),
(62, 'Maslac', 8.99, 911, 5),
(63, 'Dukatos', 9.49, 1269, 5),
(64, 'Dukatela', 7.98, 133, 5),
(65, 'Vrhnje za kuhanje', 6.99, 160, 5),
(66, 'Kiselo vrhnje', 4.99, 228, 5),
(67, 'Mileram', 7.99, 140, 5),
(68, 'Slag pjena', 10.99, 29, 5),
(69, 'Cvrsti jogurt', 3.99, 74, 5),
(70, 'Faks prasak', 22.49, 365, 6),
(71, 'Likvi sudje', 7.99, 572, 6),
(72, 'Arf pecnica', 9.99, 42, 6),
(73, 'Kaladont', 10.99, 385, 6),
(74, 'Ornel omeksivac', 12.99, 355, 6),
(75, 'Rubel deterdžent', 6.99, 143, 6),
(76, 'Zirodent pasta za zube', 15.99, 61, 6),
(77, 'Nila omeksivac', 17.99, 83, 6),
(78, 'Lahor sapun za ruke', 2.99, 86, 6),
(79, 'Arf toilete', 12.49, 57, 6);

-- --------------------------------------------------------

--
-- Table structure for table `dobavljaci`
--

CREATE TABLE `dobavljaci` (
  `id` int(11) NOT NULL,
  `naziv` varchar(30) NOT NULL,
  `adresa` varchar(50) NOT NULL,
  `korime` varchar(15) NOT NULL,
  `lozinka` varchar(15) NOT NULL
) ENGINE=InnoDB DEFAULT CHARSET=latin1;

--
-- Dumping data for table `dobavljaci`
--

INSERT INTO `dobavljaci` (`id`, `naziv`, `adresa`, `korime`, `lozinka`) VALUES
(1, 'Zagrebacka pivovara', 'Vukovarska ulica 85, 10000 Zagreb', 'pivovara', 'pivovara'),
(2, 'Kraš', 'Slavonska avenija 74, 10000 Zagreb', 'kras', 'kras'),
(3, 'Podravka', 'Duga ulica 35, 48000 Koprivnica', 'podravka', 'podravka'),
(4, 'Vindija', 'Osjecka ulica 143, 42000 Varaždin', 'vindija', 'vindija'),
(5, 'Dukat', 'Ulica Ðure Pilara 43, 10000 Zagreb', 'dukat', 'dukat'),
(6, 'Saponia', 'Cvjetkova 53, 31000 Osijek', 'saponia', 'saponia');

-- --------------------------------------------------------

--
-- Table structure for table `narudzba`
--

CREATE TABLE `narudzba` (
  `id` int(11) NOT NULL,
  `datum` datetime NOT NULL,
  `id_zaposlenik` int(11) NOT NULL,
  `stanje` varchar(15) NOT NULL
) ENGINE=InnoDB DEFAULT CHARSET=latin1;

--
-- Dumping data for table `narudzba`
--

INSERT INTO `narudzba` (`id`, `datum`, `id_zaposlenik`, `stanje`) VALUES
(1, '2016-07-04 11:29:01', 4, ''),
(2, '2016-07-04 12:16:45', 4, ''),
(3, '2016-07-04 12:18:13', 4, ''),
(4, '2016-07-04 12:45:08', 4, ''),
(5, '2016-07-04 12:47:56', 4, ''),
(6, '2016-07-04 12:48:05', 4, ''),
(7, '2016-07-04 12:54:00', 9, ''),
(8, '2016-07-05 19:01:01', 4, ''),
(9, '2016-07-06 14:24:02', 4, ''),
(13, '2016-09-02 18:10:42', 4, ''),
(14, '2016-09-02 18:10:42', 4, ''),
(15, '2016-09-02 18:32:25', 4, ''),
(16, '2016-09-03 17:47:59', 4, ''),
(17, '2016-09-03 17:51:56', 4, ''),
(18, '2016-09-03 17:52:57', 4, ''),
(19, '2016-09-03 17:54:50', 4, ''),
(22, '2016-09-03 18:28:59', 4, ''),
(23, '2016-09-03 18:30:08', 9, ''),
(24, '2016-09-06 10:42:09', 4, ''),
(25, '2016-09-06 10:42:21', 4, ''),
(26, '2016-09-06 10:44:11', 4, ''),
(27, '2016-09-10 16:49:09', 4, ''),
(28, '2016-09-10 16:59:46', 4, ''),
(29, '2016-09-10 19:50:55', 4, ''),
(30, '2016-09-11 00:47:33', 4, ''),
(31, '2016-09-11 00:48:29', 4, ''),
(32, '2016-09-12 12:16:42', 4, ''),
(33, '2017-05-31 23:22:01', 9, ''),
(34, '2017-06-05 10:43:03', 4, ''),
(35, '2017-06-05 15:05:07', 4, ''),
(36, '2017-06-05 15:38:10', 4, ''),
(37, '2017-06-05 16:15:59', 4, ''),
(38, '2017-06-05 16:18:18', 4, ''),
(39, '2017-06-06 10:37:00', 4, ''),
(40, '2017-06-06 10:52:48', 4, ''),
(41, '2017-06-06 10:53:02', 4, ''),
(42, '2017-06-06 10:53:24', 4, ''),
(43, '2017-06-06 10:55:05', 4, ''),
(44, '2017-06-06 10:56:42', 4, ''),
(45, '2017-06-06 10:57:06', 4, ''),
(46, '2017-06-06 11:02:17', 4, ''),
(48, '2017-06-06 14:06:53', 4, ''),
(49, '2017-06-06 14:34:17', 4, ''),
(50, '2017-06-07 11:02:07', 4, ''),
(51, '2017-06-07 14:24:05', 4, ''),
(52, '2017-06-13 10:47:55', 4, ''),
(53, '2017-06-13 10:50:02', 9, ''),
(54, '2017-06-13 13:41:22', 4, ''),
(55, '2017-06-13 13:51:31', 4, ''),
(56, '2017-06-13 13:56:49', 4, ''),
(57, '2017-06-13 15:04:24', 4, ''),
(58, '2017-06-13 15:10:42', 4, ''),
(59, '2017-06-13 15:16:28', 4, ''),
(60, '2017-06-13 15:18:00', 4, ''),
(61, '2017-06-13 15:20:28', 4, ''),
(62, '2017-06-13 15:24:17', 9, ''),
(63, '2017-06-13 15:26:19', 9, ''),
(64, '2017-06-13 15:28:09', 4, ''),
(65, '2017-06-13 15:29:24', 4, ''),
(66, '2017-06-13 15:30:53', 4, ''),
(67, '2017-06-13 15:34:34', 4, ''),
(68, '2017-06-13 16:02:25', 4, ''),
(69, '2017-06-13 16:06:14', 4, ''),
(70, '2017-06-14 13:24:51', 9, ''),
(71, '2017-06-14 13:26:00', 4, ''),
(72, '2017-06-14 13:29:54', 4, ''),
(73, '2017-06-14 13:33:28', 4, ''),
(74, '2017-06-14 13:35:10', 4, ''),
(75, '2017-06-14 13:35:51', 4, ''),
(76, '2017-06-14 13:36:56', 4, ''),
(77, '2017-06-14 13:39:14', 4, ''),
(78, '2017-06-14 13:42:27', 4, ''),
(79, '2017-06-14 13:45:05', 4, ''),
(80, '2017-06-14 13:45:58', 4, ''),
(81, '2017-06-14 13:49:12', 4, ''),
(82, '2017-06-14 13:51:45', 4, ''),
(83, '2017-06-19 14:04:12', 4, ''),
(84, '2017-06-19 14:20:25', 4, ''),
(85, '2017-06-19 14:31:56', 4, ''),
(86, '2017-06-19 14:33:16', 4, ''),
(87, '2017-06-19 14:34:50', 4, ''),
(88, '2017-06-19 14:39:29', 4, ''),
(89, '2017-06-19 14:43:05', 4, ''),
(90, '2017-06-19 14:44:19', 4, ''),
(91, '2017-06-19 14:44:51', 4, ''),
(92, '2017-06-19 14:47:27', 4, ''),
(93, '2017-06-19 14:52:35', 4, ''),
(94, '2017-06-19 15:12:32', 4, ''),
(95, '2017-06-19 15:19:11', 4, ''),
(96, '2017-06-19 15:34:06', 4, ''),
(97, '2017-06-19 15:37:03', 4, ''),
(98, '2017-06-19 15:39:11', 9, ''),
(99, '2017-06-19 15:51:37', 4, ''),
(100, '2017-06-19 16:05:47', 4, ''),
(101, '2017-06-19 16:10:13', 4, ''),
(102, '2017-06-19 16:11:02', 4, ''),
(103, '2017-06-20 12:14:57', 4, ''),
(104, '2017-06-20 12:16:32', 4, ''),
(105, '2017-06-20 12:17:41', 4, ''),
(106, '2017-06-20 12:18:28', 4, ''),
(107, '2017-06-20 12:20:02', 4, ''),
(108, '2017-06-20 12:20:26', 4, ''),
(109, '2017-06-20 13:24:48', 4, ''),
(110, '2017-06-21 15:02:28', 4, ''),
(111, '2017-06-21 15:03:14', 4, ''),
(112, '2017-06-21 18:17:36', 9, ''),
(113, '2017-06-21 18:18:25', 9, ''),
(114, '2017-06-21 18:21:39', 4, ''),
(115, '2017-06-22 15:10:36', 4, ''),
(116, '2017-06-23 12:47:53', 4, ''),
(117, '2017-06-23 13:04:28', 4, ''),
(118, '2017-06-23 13:18:49', 4, ''),
(119, '2017-06-23 13:25:07', 4, ''),
(120, '2017-06-23 13:30:26', 4, ''),
(121, '2017-06-23 13:57:09', 4, ''),
(122, '2017-06-23 13:58:08', 4, ''),
(123, '2017-06-23 13:58:56', 4, ''),
(124, '2017-06-23 14:00:44', 4, ''),
(125, '2017-06-23 14:06:20', 4, ''),
(126, '2017-06-23 14:08:59', 4, ''),
(127, '2017-06-23 14:10:16', 4, ''),
(128, '2017-06-23 14:12:15', 4, ''),
(129, '2017-06-23 14:17:08', 4, ''),
(130, '2017-06-23 14:22:53', 4, ''),
(131, '2017-06-26 13:01:57', 4, ''),
(132, '2017-06-27 12:45:15', 4, ''),
(133, '2017-06-27 13:29:58', 4, ''),
(134, '2017-06-27 13:39:17', 4, ''),
(136, '2017-06-27 13:47:42', 4, ''),
(137, '2017-06-27 14:10:14', 4, ''),
(138, '2017-06-27 15:13:57', 4, 'poslano'),
(139, '2017-06-27 15:14:27', 4, 'poslano'),
(140, '2017-06-27 15:15:43', 4, 'poslano'),
(141, '2017-06-27 15:16:03', 4, 'poslano'),
(142, '2017-06-27 15:18:03', 4, 'poslano'),
(143, '2017-06-27 15:18:16', 4, 'poslano'),
(144, '2017-06-27 15:32:17', 4, 'poslano'),
(145, '2017-06-27 15:34:36', 4, 'poslano'),
(146, '2017-06-27 15:36:05', 4, 'poslano'),
(147, '2017-06-27 15:39:04', 4, 'poslano'),
(148, '2017-06-27 15:41:44', 4, 'poslano'),
(149, '2017-06-27 15:43:44', 4, 'poslano'),
(150, '2017-06-27 15:46:34', 4, 'poslano'),
(151, '2017-06-27 15:47:40', 4, 'poslano'),
(152, '2017-06-27 15:48:30', 4, 'odbijeno'),
(153, '2017-06-27 15:54:29', 4, 'potvrdjeno'),
(154, '2017-06-27 15:54:50', 4, 'odbijeno'),
(155, '2017-06-27 16:00:07', 4, 'potvrdjeno'),
(156, '2017-06-27 16:00:22', 4, 'odbijeno'),
(157, '2017-06-27 16:28:46', 4, 'potvrdjeno'),
(158, '2017-06-27 16:30:01', 4, 'potvrdjeno'),
(159, '2017-06-27 16:31:20', 4, 'poslano'),
(160, '2017-06-27 18:58:42', 4, 'potvrdjeno'),
(161, '2017-06-27 19:00:26', 4, 'odbijeno'),
(162, '2017-06-28 16:38:40', 4, 'poslano'),
(163, '2017-06-29 10:10:13', 4, 'poslano'),
(164, '2017-06-29 10:14:05', 4, 'potvrdjeno'),
(165, '2017-06-29 10:36:25', 4, 'poslano'),
(166, '2017-06-29 10:40:00', 4, 'potvrdjeno'),
(167, '2017-06-29 10:43:00', 4, 'poslano'),
(168, '2017-06-29 10:45:50', 4, 'potvrdjeno'),
(169, '2017-06-29 10:54:33', 4, 'odbijeno'),
(170, '2017-06-29 11:06:05', 4, 'poslano'),
(171, '2017-06-29 11:07:23', 4, 'poslano'),
(172, '2017-06-29 12:42:50', 4, 'poslano'),
(173, '2017-06-29 12:45:42', 4, 'poslano'),
(174, '2017-06-29 12:47:06', 4, 'poslano'),
(175, '2017-06-29 12:48:21', 4, 'poslano'),
(176, '2017-06-29 13:02:25', 4, 'poslano'),
(177, '2017-06-29 13:05:32', 4, 'potvrdjeno'),
(178, '2017-06-29 13:07:25', 4, 'potvrdjeno'),
(179, '2017-06-29 13:10:10', 9, 'poslano'),
(180, '2017-06-29 13:11:48', 9, 'poslano'),
(181, '2017-06-29 13:13:54', 4, 'potvrdjeno'),
(182, '2017-06-29 13:16:27', 4, 'poslano'),
(183, '2017-06-29 13:17:30', 4, 'potvrdjeno'),
(184, '2017-06-29 13:18:21', 4, 'potvrdjeno'),
(185, '2017-06-29 13:40:30', 4, 'poslano'),
(186, '2017-06-29 13:42:17', 4, 'potvrdjeno'),
(187, '2017-06-29 14:46:43', 4, 'poslano'),
(188, '2017-06-29 14:49:42', 4, 'poslano'),
(189, '2017-06-29 14:51:40', 4, 'poslano'),
(190, '2017-06-29 14:55:53', 4, 'poslano'),
(191, '2017-06-29 14:57:41', 4, 'poslano'),
(192, '2017-06-29 15:11:00', 4, 'poslano'),
(193, '2017-06-29 15:13:00', 4, 'potvrdjeno'),
(194, '2017-06-29 15:13:53', 4, 'poslano'),
(195, '2017-06-29 15:18:16', 4, 'odbijeno'),
(196, '2017-06-29 15:19:27', 4, 'odbijeno'),
(197, '2017-06-29 15:50:56', 4, 'potvrdjeno'),
(198, '2017-06-29 15:59:57', 4, 'potvrdjeno'),
(199, '2017-06-29 16:02:47', 4, 'poslano'),
(200, '2017-06-29 16:05:37', 4, 'potvrdjeno'),
(201, '2017-06-30 13:35:11', 4, 'potvrdjeno'),
(202, '2017-06-30 14:00:53', 4, 'potvrdjeno'),
(203, '2017-07-04 10:14:05', 4, 'potvrdjeno'),
(204, '2017-07-04 10:21:57', 4, 'odbijeno'),
(205, '2017-07-04 10:22:27', 4, 'odbijeno'),
(206, '2017-07-04 10:22:44', 4, 'poslano'),
(207, '2017-07-04 10:23:06', 4, 'poslano'),
(208, '2017-07-04 10:23:26', 4, 'poslano'),
(209, '2017-07-04 10:23:45', 4, 'odbijeno'),
(210, '2017-07-04 10:24:20', 4, 'poslano'),
(211, '2017-07-04 10:24:36', 4, 'poslano'),
(212, '2017-07-04 10:25:17', 4, 'poslano'),
(213, '2017-07-04 10:25:34', 4, 'poslano'),
(214, '2017-07-04 10:25:49', 4, 'poslano'),
(215, '2017-07-04 10:31:16', 4, 'odbijeno'),
(216, '2017-07-04 10:31:38', 4, 'poslano'),
(217, '2017-07-04 10:32:31', 4, 'poslano'),
(218, '2017-07-04 10:32:50', 4, 'poslano'),
(219, '2017-07-04 10:48:32', 4, 'poslano'),
(220, '2017-07-04 10:49:24', 4, 'poslano'),
(221, '2017-07-04 10:49:43', 4, 'poslano'),
(222, '2017-07-04 10:51:55', 4, 'poslano'),
(223, '2017-07-04 10:52:11', 4, 'poslano'),
(224, '2017-07-04 10:52:59', 4, 'poslano'),
(225, '2017-07-04 10:53:10', 4, 'poslano'),
(226, '2017-07-04 10:53:18', 4, 'potvrdjeno'),
(227, '2017-07-04 10:54:41', 4, 'poslano'),
(228, '2017-07-04 10:55:09', 4, 'poslano'),
(229, '2017-07-04 10:56:03', 4, 'poslano'),
(230, '2017-07-04 12:29:10', 4, 'poslano'),
(231, '2017-07-04 12:29:28', 4, 'poslano'),
(232, '2017-07-04 12:29:39', 4, 'poslano'),
(233, '2017-07-04 12:29:58', 4, 'odbijeno'),
(234, '2017-07-04 12:31:45', 4, 'poslano'),
(235, '2017-07-04 12:32:09', 4, 'poslano'),
(236, '2017-07-04 12:32:23', 4, 'poslano'),
(237, '2017-07-04 13:17:41', 4, 'poslano'),
(238, '2017-07-04 13:17:52', 4, 'poslano'),
(239, '2017-07-04 13:18:11', 4, 'poslano'),
(240, '2017-07-05 17:15:41', 4, 'poslano'),
(241, '2017-07-05 17:16:04', 4, 'poslano'),
(242, '2017-07-06 18:03:23', 4, 'poslano'),
(243, '2017-07-06 18:13:35', 4, 'poslano'),
(244, '2017-07-06 18:14:11', 4, 'poslano'),
(245, '2017-07-06 18:14:26', 4, 'poslano'),
(246, '2017-07-06 18:15:42', 4, 'poslano'),
(247, '2017-07-06 18:20:07', 4, 'poslano'),
(248, '2017-07-06 18:22:00', 4, 'poslano'),
(249, '2017-07-06 18:25:03', 4, 'poslano'),
(250, '2017-07-06 18:25:29', 4, 'poslano'),
(251, '2017-07-07 12:42:21', 4, 'poslano'),
(252, '2017-07-07 12:44:19', 4, 'potvrdjeno'),
(253, '2017-07-07 12:49:33', 4, 'poslano'),
(254, '2017-07-07 12:52:12', 4, 'potvrdjeno'),
(255, '2017-07-07 12:53:08', 4, 'potvrdjeno'),
(256, '2017-07-07 12:53:57', 4, 'poslano'),
(257, '2017-07-07 12:54:44', 4, 'potvrdjeno'),
(258, '2017-07-07 13:00:28', 4, 'poslano'),
(259, '2017-07-07 13:00:48', 4, 'poslano'),
(260, '2017-07-07 13:01:33', 4, 'potvrdjeno'),
(261, '2017-07-07 14:23:01', 4, 'poslano'),
(262, '2017-07-07 14:23:58', 4, 'poslano'),
(263, '2017-07-07 14:24:37', 4, 'poslano'),
(264, '2017-07-07 14:24:58', 4, 'poslano'),
(265, '2017-07-07 14:25:50', 4, 'potvrdjeno'),
(266, '2017-07-07 14:26:30', 4, 'poslano'),
(267, '2017-07-07 14:27:07', 4, 'poslano'),
(268, '2017-07-07 14:27:56', 4, 'potvrdjeno'),
(269, '2017-07-07 14:28:18', 4, 'potvrdjeno'),
(270, '2017-07-07 14:28:43', 4, 'poslano'),
(271, '2017-07-07 15:00:06', 4, 'poslano'),
(272, '2017-07-07 15:01:18', 4, 'poslano'),
(273, '2017-07-07 15:01:44', 4, 'poslano'),
(274, '2017-07-07 15:14:23', 4, 'poslano'),
(275, '2017-07-07 15:15:01', 4, 'poslano'),
(276, '2017-07-07 15:15:40', 4, 'poslano'),
(277, '2017-07-07 15:17:06', 4, 'poslano'),
(278, '2017-07-07 15:17:27', 4, 'poslano'),
(279, '2017-07-07 15:20:01', 4, 'poslano'),
(280, '2017-07-07 15:24:51', 4, 'poslano'),
(281, '2017-07-07 15:25:45', 4, 'poslano'),
(282, '2017-07-07 15:26:14', 4, 'poslano'),
(283, '2017-07-07 15:49:18', 4, 'poslano'),
(284, '2017-07-07 15:49:35', 4, 'poslano'),
(285, '2017-07-07 15:51:46', 4, 'poslano'),
(286, '2017-07-07 15:51:58', 4, 'poslano'),
(287, '2017-07-07 15:52:16', 4, 'poslano'),
(288, '2017-07-07 15:52:37', 4, 'poslano'),
(289, '2017-07-07 15:52:48', 4, 'poslano'),
(290, '2017-07-07 16:20:02', 4, 'poslano'),
(291, '2017-07-07 16:20:23', 4, 'poslano'),
(292, '2017-07-07 16:21:57', 4, 'poslano'),
(293, '2017-07-07 16:42:21', 4, 'poslano'),
(294, '2017-07-07 16:42:36', 4, 'poslano'),
(295, '2017-07-07 16:42:52', 4, 'poslano'),
(296, '2017-07-07 16:44:36', 4, 'poslano'),
(297, '2017-07-07 16:44:51', 4, 'poslano'),
(298, '2017-07-07 16:45:48', 4, 'poslano'),
(299, '2017-07-07 16:46:03', 4, 'poslano'),
(300, '2017-07-07 22:19:34', 4, 'poslano'),
(301, '2017-07-07 22:19:49', 4, 'poslano'),
(302, '2017-07-07 22:20:02', 4, 'poslano'),
(303, '2017-07-07 22:20:25', 4, 'poslano'),
(304, '2017-07-07 22:20:49', 4, 'poslano'),
(305, '2017-07-07 22:21:02', 4, 'poslano'),
(306, '2017-07-07 22:21:39', 4, 'poslano'),
(307, '2017-07-07 22:21:56', 4, 'poslano'),
(308, '2017-07-07 22:22:18', 4, 'poslano'),
(309, '2017-07-07 22:23:02', 4, 'poslano'),
(310, '2017-07-07 22:23:12', 4, 'poslano'),
(311, '2017-07-07 22:23:26', 4, 'poslano'),
(312, '2017-07-07 22:23:36', 4, 'poslano'),
(313, '2017-07-07 22:23:47', 4, 'poslano'),
(314, '2017-07-07 22:23:58', 4, 'poslano'),
(315, '2017-07-07 22:24:15', 4, 'poslano'),
(316, '2017-07-07 22:24:32', 4, 'poslano'),
(317, '2017-07-07 22:24:46', 4, 'poslano'),
(318, '2017-07-07 22:28:57', 4, 'poslano'),
(319, '2017-07-07 22:34:28', 4, 'poslano'),
(320, '2017-07-07 22:34:49', 4, 'poslano'),
(321, '2017-07-07 22:34:58', 4, 'poslano'),
(322, '2017-07-07 22:35:26', 4, 'poslano'),
(323, '2017-07-07 22:35:45', 4, 'poslano'),
(324, '2017-07-07 22:36:00', 4, 'poslano'),
(325, '2017-07-07 22:36:13', 4, 'poslano'),
(326, '2017-07-07 22:36:31', 4, 'poslano'),
(327, '2017-07-07 22:48:28', 4, 'poslano'),
(328, '2017-07-07 22:54:53', 4, 'poslano'),
(329, '2017-07-07 22:56:12', 4, 'poslano'),
(330, '2017-07-07 23:03:15', 4, 'poslano'),
(331, '2017-07-07 23:03:32', 4, 'poslano'),
(332, '2017-07-07 23:05:26', 4, 'poslano'),
(333, '2017-07-07 23:07:41', 4, 'poslano'),
(334, '2017-07-07 23:09:35', 4, 'poslano'),
(335, '2017-07-07 23:11:03', 4, 'poslano'),
(336, '2017-07-07 23:26:55', 4, 'poslano'),
(337, '2017-07-07 23:27:07', 4, 'odbijeno'),
(338, '2017-07-07 23:27:20', 4, 'poslano'),
(339, '2017-07-07 23:27:33', 4, 'potvrdjeno'),
(340, '2017-07-07 23:30:17', 4, 'poslano'),
(341, '2017-07-07 23:42:47', 4, 'poslano'),
(342, '2017-07-07 23:43:00', 4, 'poslano'),
(343, '2017-07-07 23:43:42', 4, 'poslano'),
(344, '2017-07-07 23:49:01', 4, 'poslano'),
(345, '2017-07-07 23:49:10', 4, 'poslano'),
(346, '2017-07-07 23:49:18', 4, 'potvrdjeno'),
(347, '2017-07-07 23:51:36', 4, 'odbijeno'),
(348, '2017-07-07 23:51:49', 4, 'potvrdjeno'),
(349, '2017-07-07 23:52:01', 4, 'poslano'),
(350, '2017-07-07 23:52:13', 4, 'potvrdjeno'),
(351, '2017-07-07 23:52:27', 4, 'odbijeno'),
(352, '2017-07-07 23:56:48', 4, 'potvrdjeno'),
(353, '2017-07-07 23:56:57', 4, 'odbijeno'),
(354, '2017-07-07 23:57:08', 4, 'potvrdjeno'),
(355, '2017-07-07 23:59:11', 4, 'potvrdjeno'),
(356, '2017-07-07 23:59:19', 4, 'potvrdjeno'),
(357, '2017-07-07 23:59:28', 4, 'odbijeno'),
(358, '2017-07-08 00:07:52', 4, 'potvrdjeno'),
(359, '2017-07-08 00:08:02', 4, 'potvrdjeno'),
(360, '2017-07-08 00:23:53', 4, 'potvrdjeno'),
(361, '2017-07-08 00:32:47', 4, 'potvrdjeno'),
(362, '2017-07-08 00:35:37', 4, 'potvrdjeno'),
(363, '2017-07-08 00:38:17', 4, 'potvrdjeno'),
(364, '2017-07-08 00:39:19', 4, 'poslano'),
(365, '2017-07-08 00:39:33', 4, 'potvrdjeno'),
(366, '2017-07-08 00:40:56', 4, 'potvrdjeno'),
(367, '2017-07-08 00:43:39', 4, 'potvrdjeno'),
(368, '2017-07-08 00:43:49', 4, 'potvrdjeno'),
(369, '2017-07-08 00:43:59', 4, 'potvrdjeno'),
(370, '2017-07-08 00:48:50', 4, 'potvrdjeno'),
(371, '2017-07-08 00:49:10', 4, 'potvrdjeno'),
(372, '2017-07-08 00:49:19', 4, 'odbijeno'),
(373, '2017-07-08 17:10:27', 4, 'odbijeno'),
(374, '2017-07-08 17:10:34', 4, 'poslano'),
(375, '2017-07-08 17:10:43', 4, 'potvrdjeno'),
(376, '2017-07-08 17:10:53', 4, 'poslano'),
(377, '2017-07-08 17:11:02', 4, 'poslano'),
(378, '2017-07-08 17:11:10', 4, 'potvrdjeno'),
(379, '2017-07-08 17:11:19', 4, 'poslano'),
(380, '2017-07-08 17:11:31', 4, 'poslano'),
(381, '2017-07-08 17:12:03', 4, 'poslano'),
(382, '2017-07-08 17:19:21', 4, 'potvrdjeno'),
(383, '2017-07-08 17:21:37', 4, 'odbijeno'),
(384, '2017-07-08 17:22:39', 4, 'potvrdjeno'),
(385, '2017-07-08 17:41:29', 4, 'potvrdjeno'),
(386, '2017-07-08 17:41:56', 4, 'poslano'),
(387, '2017-07-08 17:45:35', 4, 'potvrdjeno'),
(388, '2017-07-08 18:12:17', 4, 'potvrdjeno'),
(389, '2017-07-08 18:12:43', 4, 'potvrdjeno'),
(390, '2017-07-08 18:13:31', 4, 'poslano'),
(391, '2017-07-08 18:13:44', 4, 'poslano'),
(392, '2017-07-08 18:15:57', 4, 'potvrdjeno'),
(393, '2017-07-08 18:18:33', 4, 'poslano'),
(394, '2017-07-08 18:18:46', 4, 'potvrdjeno'),
(395, '2017-07-08 18:18:56', 4, 'odbijeno'),
(396, '2017-07-08 18:21:20', 4, 'potvrdjeno'),
(397, '2017-07-08 18:21:30', 4, 'potvrdjeno'),
(398, '2017-07-08 18:21:37', 4, 'poslano'),
(399, '2017-07-08 18:21:46', 4, 'odbijeno'),
(400, '2017-07-08 19:59:14', 4, 'poslano'),
(401, '2017-07-08 19:59:31', 4, 'poslano'),
(402, '2017-07-08 19:59:43', 4, 'poslano'),
(403, '2017-07-08 20:00:28', 4, 'poslano'),
(404, '2017-07-08 20:00:37', 4, 'poslano'),
(405, '2017-07-08 20:00:45', 4, 'poslano'),
(406, '2017-07-08 20:00:54', 4, 'poslano'),
(407, '2017-07-08 20:01:26', 4, 'potvrdjeno'),
(408, '2017-07-08 20:02:32', 4, 'poslano'),
(409, '2017-07-08 20:02:43', 4, 'poslano'),
(410, '2017-07-08 20:04:37', 4, 'poslano'),
(411, '2017-07-08 20:09:02', 4, 'potvrdjeno'),
(412, '2017-07-08 20:09:23', 9, 'potvrdjeno'),
(413, '2017-07-08 20:09:34', 9, 'odbijeno'),
(414, '2017-07-08 20:12:28', 4, 'potvrdjeno'),
(415, '2017-07-08 20:12:52', 9, 'potvrdjeno'),
(416, '2017-07-08 20:20:40', 4, 'potvrdjeno'),
(417, '2017-07-08 20:21:27', 4, 'potvrdjeno'),
(418, '2017-07-08 20:21:59', 4, 'odbijeno'),
(419, '2017-07-08 20:29:47', 4, 'potvrdjeno'),
(420, '2017-07-08 20:30:13', 4, 'potvrdjeno'),
(421, '2017-07-08 21:42:37', 4, 'potvrdjeno'),
(422, '2017-07-08 21:42:51', 4, 'potvrdjeno'),
(423, '2017-07-08 21:43:03', 4, 'potvrdjeno'),
(424, '2017-07-08 21:43:15', 4, 'odbijeno'),
(425, '2017-07-09 00:53:03', 4, 'potvrdjeno'),
(426, '2017-07-09 00:53:13', 4, 'odbijeno'),
(427, '2017-07-09 00:53:27', 4, 'potvrdjeno'),
(428, '2017-07-10 12:19:20', 4, 'potvrdjeno'),
(429, '2017-07-10 12:20:37', 9, 'odbijeno'),
(430, '2017-07-10 12:20:47', 9, 'potvrdjeno'),
(431, '2017-07-10 23:18:50', 4, 'potvrdjeno'),
(432, '2017-07-11 11:24:01', 4, 'poslano'),
(433, '2017-07-11 11:24:08', 4, 'poslano'),
(434, '2017-07-11 11:24:14', 4, 'poslano'),
(435, '2017-07-11 11:24:21', 4, 'poslano'),
(436, '2017-07-11 11:24:31', 4, 'poslano'),
(437, '2017-07-11 11:24:39', 4, 'poslano'),
(438, '2017-07-11 11:24:48', 4, 'poslano');

-- --------------------------------------------------------

--
-- Table structure for table `stavke_narudzbe`
--

CREATE TABLE `stavke_narudzbe` (
  `id_stavke` int(11) NOT NULL,
  `id_artikla` int(11) NOT NULL,
  `Id_narudzba` int(11) NOT NULL,
  `kolicina` int(11) NOT NULL
) ENGINE=InnoDB DEFAULT CHARSET=latin1;

--
-- Dumping data for table `stavke_narudzbe`
--

INSERT INTO `stavke_narudzbe` (`id_stavke`, `id_artikla`, `Id_narudzba`, `kolicina`) VALUES
(1, 9, 82, 213),
(2, 9, 89, 23),
(3, 15, 95, 35),
(4, 17, 85, 124),
(5, 17, 95, 345),
(6, 19, 85, 24),
(7, 25, 95, 75),
(8, 26, 85, 235),
(9, 30, 91, 324),
(10, 31, 84, 346),
(11, 32, 84, 34),
(12, 35, 91, 13),
(13, 40, 83, 23),
(14, 40, 101, 23),
(15, 41, 88, 32),
(16, 41, 96, 58),
(17, 42, 97, 234),
(18, 43, 83, 21),
(19, 44, 87, 123),
(20, 44, 88, 34),
(21, 44, 96, 214),
(22, 44, 97, 21),
(23, 45, 96, 123),
(24, 46, 87, 33),
(25, 47, 87, 214),
(26, 47, 101, 34),
(27, 50, 92, 23),
(28, 50, 94, 22),
(29, 51, 86, 23),
(30, 51, 89, 456),
(31, 51, 98, 235),
(32, 52, 92, 54),
(33, 52, 100, 78),
(34, 53, 82, 35),
(35, 53, 98, 35),
(36, 53, 100, 123),
(37, 54, 82, 14),
(38, 55, 82, 46),
(39, 55, 86, 567),
(40, 55, 100, 67),
(41, 56, 86, 90),
(42, 61, 93, 34),
(43, 62, 90, 45),
(44, 63, 81, 12),
(45, 66, 90, 54),
(46, 70, 99, 32),
(47, 71, 102, 232),
(48, 73, 99, 12),
(49, 73, 102, 233),
(50, 43, 105, 34),
(51, 70, 106, 235),
(52, 74, 106, 46),
(53, 75, 106, 46),
(54, 77, 106, 67),
(55, 63, 107, 23),
(56, 62, 107, 346),
(57, 66, 107, 57),
(58, 32, 108, 56),
(59, 34, 108, 437),
(60, 31, 108, 17),
(61, 33, 108, 57),
(62, 41, 109, 455),
(63, 43, 109, 45),
(64, 46, 109, 45),
(65, 17, 110, 34),
(66, 18, 110, 57),
(67, 27, 110, 378),
(68, 19, 110, 21),
(69, 32, 111, 23),
(70, 34, 111, 34),
(71, 30, 111, 56),
(72, 34, 112, 10),
(73, 32, 112, 25),
(74, 40, 113, 324),
(75, 43, 113, 46),
(76, 46, 113, 56),
(77, 42, 114, 23),
(78, 43, 114, 45),
(79, 67, 115, 34),
(80, 62, 115, 67),
(81, 63, 115, 478),
(82, 41, 116, 23),
(83, 42, 116, 232),
(84, 40, 117, 21),
(85, 43, 117, 42),
(86, 43, 118, 35),
(87, 44, 118, 41),
(88, 47, 118, 43),
(89, 51, 119, 3),
(90, 50, 119, 356),
(91, 52, 119, 67),
(92, 65, 120, 34),
(93, 63, 120, 42),
(94, 71, 121, 234),
(95, 9, 122, 34),
(96, 40, 123, 34),
(97, 42, 124, 25),
(98, 50, 125, 34),
(99, 41, 126, 34),
(100, 61, 127, 34),
(101, 16, 128, 35),
(102, 2, 129, 43),
(103, 41, 130, 546),
(104, 15, 131, 35),
(105, 18, 131, 32),
(106, 25, 131, 235),
(107, 62, 132, 234),
(108, 60, 132, 45),
(109, 66, 132, 43),
(110, 41, 133, 24),
(111, 45, 133, 45),
(112, 40, 133, 28),
(113, 41, 134, 45),
(114, 43, 134, 56),
(117, 43, 136, 45),
(118, 42, 137, 45),
(119, 40, 137, 57),
(120, 50, 138, 45),
(121, 6, 138, 67),
(122, 53, 138, 87),
(123, 33, 139, 54),
(124, 31, 139, 443),
(125, 17, 140, 345),
(126, 19, 140, 65),
(127, 25, 140, 78),
(128, 32, 141, 56),
(129, 33, 141, 87),
(130, 40, 142, 345),
(131, 31, 143, 32),
(132, 17, 144, 45),
(133, 40, 145, 345),
(134, 41, 146, 34),
(135, 60, 147, 23),
(136, 42, 148, 321),
(137, 65, 149, 45),
(138, 9, 150, 342),
(139, 30, 151, 43),
(140, 41, 152, 4),
(141, 74, 153, 234),
(142, 71, 153, 43),
(143, 73, 153, 54),
(144, 32, 154, 43),
(145, 31, 154, 54),
(146, 9, 155, 45),
(147, 52, 155, 54),
(148, 31, 156, 54),
(149, 1, 157, 100),
(150, 2, 158, 25),
(151, 1, 159, 100),
(152, 30, 160, 65),
(153, 31, 160, 76),
(154, 35, 160, 654),
(155, 34, 161, 43),
(156, 36, 161, 564),
(157, 60, 162, 45),
(158, 62, 162, 65),
(159, 60, 163, 100),
(160, 60, 164, 100),
(161, 60, 165, 100),
(162, 60, 166, 100),
(163, 60, 167, 100),
(164, 60, 168, 100),
(165, 51, 169, 34),
(166, 50, 169, 54),
(167, 60, 170, 100),
(168, 60, 171, 100),
(169, 60, 172, 100),
(170, 62, 172, 125),
(171, 60, 173, 100),
(172, 60, 174, 100),
(173, 60, 175, 100),
(174, 14, 176, 34),
(175, 25, 176, 98),
(176, 60, 177, 100),
(177, 64, 177, 12),
(178, 60, 178, 100),
(179, 64, 178, 10),
(180, 1, 179, 100),
(181, 31, 179, 250),
(182, 34, 179, 360),
(183, 1, 180, 100),
(184, 10, 180, 100),
(185, 33, 180, 100),
(186, 1, 181, 100),
(187, 10, 181, 100),
(188, 1, 182, 20),
(189, 10, 182, 10),
(190, 1, 183, 10),
(191, 10, 183, 10),
(192, 1, 184, 90),
(193, 10, 184, 45),
(194, 32, 184, 25),
(195, 35, 184, 82),
(196, 71, 185, 56),
(197, 73, 185, 567),
(198, 77, 185, 18),
(199, 7, 186, 345),
(200, 40, 186, 234),
(201, 45, 186, 23),
(202, 16, 187, 234),
(203, 15, 187, 35),
(204, 18, 187, 345),
(205, 43, 188, 25),
(206, 8, 188, 78),
(207, 46, 188, 452),
(208, 60, 189, 34),
(209, 65, 189, 67),
(210, 14, 190, 23),
(211, 18, 190, 45),
(212, 8, 191, 34),
(213, 2, 192, 34),
(214, 19, 192, 344),
(215, 16, 192, 345),
(216, 17, 193, 345),
(217, 16, 194, 34),
(218, 41, 195, 45),
(219, 8, 195, 26),
(220, 43, 195, 54),
(221, 14, 196, 234),
(222, 17, 197, 34),
(223, 60, 198, 10),
(224, 63, 198, 234),
(225, 64, 198, 53),
(226, 41, 199, 23),
(227, 70, 200, 23),
(228, 14, 201, 34),
(229, 18, 201, 124),
(230, 19, 201, 65),
(231, 60, 202, 100),
(232, 4, 202, 20),
(233, 67, 202, 50),
(234, 16, 203, 34),
(235, 15, 203, 54),
(236, 61, 204, 23),
(237, 63, 204, 45),
(238, 60, 205, 40),
(239, 67, 205, 98),
(240, 30, 206, 34),
(241, 32, 206, 344),
(242, 8, 207, 32),
(243, 32, 208, 23),
(244, 60, 209, 55),
(245, 61, 210, 34),
(246, 64, 211, 34),
(247, 61, 212, 34),
(248, 33, 213, 4),
(249, 60, 214, 31),
(250, 63, 215, 345),
(251, 61, 215, 456),
(252, 10, 216, 34),
(253, 35, 216, 89),
(254, 63, 217, 34),
(255, 62, 217, 45),
(256, 31, 218, 345),
(257, 34, 219, 5),
(258, 33, 219, 5),
(259, 60, 220, 67),
(260, 66, 220, 45),
(261, 61, 220, 87),
(262, 60, 221, 45),
(263, 41, 222, 34),
(264, 43, 222, 656),
(265, 63, 223, 34),
(266, 67, 223, 56),
(267, 63, 224, 45),
(268, 61, 225, 56),
(269, 30, 226, 4),
(270, 15, 227, 46),
(271, 10, 228, 43),
(272, 31, 229, 34),
(273, 14, 230, 34),
(274, 62, 231, 34),
(275, 10, 232, 54),
(276, 67, 233, 56),
(277, 51, 234, 45),
(278, 42, 235, 67),
(279, 44, 235, 78),
(280, 50, 236, 5),
(281, 60, 237, 345),
(282, 30, 238, 56),
(283, 32, 239, 65),
(284, 54, 240, 45),
(285, 57, 240, 63),
(286, 61, 241, 98),
(287, 41, 242, 45),
(288, 43, 242, 455),
(289, 40, 243, 34),
(290, 63, 244, 56),
(291, 40, 245, 67),
(292, 61, 246, 56),
(293, 1, 247, 200),
(294, 33, 248, 21),
(295, 62, 249, 12),
(296, 60, 250, 76),
(297, 1, 251, 200),
(298, 1, 252, 200),
(299, 1, 253, 500),
(300, 1, 254, 500),
(301, 33, 255, 21),
(302, 2, 256, 34),
(303, 1, 257, 300),
(304, 1, 258, 200),
(305, 1, 259, 2),
(306, 1, 260, 200),
(307, 2, 261, 15),
(308, 2, 262, 15),
(309, 1, 263, 100),
(310, 2, 264, 56),
(311, 2, 265, 15),
(312, 2, 266, 10),
(313, 2, 267, 43),
(314, 2, 268, 43),
(315, 15, 269, 43),
(316, 14, 270, 54),
(317, 15, 271, 23),
(318, 16, 271, 54),
(319, 15, 272, 34),
(320, 17, 272, 54),
(321, 17, 273, 54),
(322, 15, 273, 76),
(323, 19, 273, 21),
(324, 2, 274, 12),
(325, 16, 274, 54),
(326, 19, 275, 54),
(327, 16, 275, 65),
(328, 16, 276, 65),
(329, 14, 277, 54),
(330, 18, 278, 65),
(331, 15, 279, 54),
(332, 17, 279, 21),
(333, 2, 280, 54),
(334, 16, 280, 43),
(335, 17, 281, 43),
(336, 15, 281, 12),
(337, 18, 282, 56),
(338, 15, 283, 34),
(339, 26, 284, 45),
(340, 15, 285, 54),
(341, 17, 286, 45),
(342, 33, 287, 12),
(343, 31, 288, 43),
(344, 15, 289, 43),
(345, 14, 290, 34),
(346, 16, 291, 54),
(347, 17, 292, 64),
(348, 17, 293, 45),
(349, 19, 294, 65),
(350, 25, 295, 87),
(351, 17, 296, 65),
(352, 15, 296, 65),
(353, 31, 297, 43),
(354, 19, 298, 65),
(355, 17, 299, 54),
(356, 15, 300, 45),
(357, 25, 301, 43),
(358, 30, 302, 54),
(359, 18, 303, 654),
(360, 6, 304, 54),
(361, 30, 305, 43),
(362, 18, 306, 65),
(363, 18, 307, 54),
(364, 15, 308, 65),
(365, 15, 309, 5),
(366, 30, 310, 34),
(367, 16, 311, 65),
(368, 2, 312, 65),
(369, 14, 313, 2),
(370, 16, 314, 65),
(371, 30, 315, 32),
(372, 34, 316, 32),
(373, 14, 317, 54),
(374, 16, 318, 54),
(375, 16, 319, 4),
(376, 15, 319, 56),
(377, 15, 320, 65),
(378, 1, 321, 12),
(379, 16, 322, 12),
(380, 17, 323, 67),
(381, 15, 324, 98),
(382, 17, 325, 12),
(383, 15, 326, 56),
(384, 15, 327, 32),
(385, 16, 328, 34),
(386, 16, 329, 56),
(387, 16, 330, 23),
(388, 15, 331, 32),
(389, 15, 332, 37),
(390, 17, 332, 342),
(391, 25, 332, 76),
(392, 26, 332, 123),
(393, 16, 333, 41),
(394, 15, 333, 34),
(395, 15, 334, 23),
(396, 18, 334, 12),
(397, 19, 334, 5),
(398, 14, 335, 23),
(399, 18, 335, 54),
(400, 15, 336, 122),
(401, 16, 336, 43),
(402, 15, 337, 32),
(403, 16, 338, 65),
(404, 26, 339, 43),
(405, 17, 340, 54),
(406, 15, 341, 34),
(407, 15, 342, 34),
(408, 2, 343, 43),
(409, 18, 343, 43),
(410, 28, 344, 34),
(411, 15, 345, 5),
(412, 25, 346, 34),
(413, 15, 347, 23),
(414, 27, 348, 56),
(415, 30, 349, 65),
(416, 17, 350, 76),
(417, 19, 351, 76),
(418, 16, 352, 43),
(419, 27, 353, 65),
(420, 19, 354, 56),
(421, 16, 355, 423),
(422, 15, 356, 12),
(423, 19, 357, 4),
(424, 16, 358, 23),
(425, 15, 359, 34),
(426, 15, 360, 24),
(427, 14, 361, 12),
(428, 15, 362, 21),
(429, 16, 363, 21),
(430, 43, 364, 12),
(431, 16, 365, 23),
(432, 15, 366, 54),
(433, 16, 367, 2),
(434, 17, 368, 54),
(435, 17, 369, 45),
(436, 14, 370, 23),
(437, 26, 371, 12),
(438, 18, 371, 45),
(439, 19, 371, 45),
(440, 17, 372, 44),
(441, 16, 373, 43),
(442, 31, 374, 1),
(443, 15, 375, 76),
(444, 7, 376, 6),
(445, 50, 377, 65),
(446, 16, 378, 67),
(447, 16, 379, 54),
(448, 18, 380, 54),
(449, 16, 381, 54),
(450, 17, 382, 34),
(451, 19, 383, 34),
(452, 14, 384, 65),
(453, 15, 385, 34),
(454, 15, 386, 34),
(455, 2, 387, 27),
(456, 2, 388, 10),
(457, 2, 389, 10),
(458, 10, 390, 4),
(459, 2, 391, 4),
(460, 25, 392, 24),
(461, 19, 392, 63),
(462, 27, 392, 49),
(463, 28, 392, 25),
(464, 16, 393, 43),
(465, 28, 394, 76),
(466, 25, 395, 76),
(467, 15, 396, 32),
(468, 17, 397, 65),
(469, 30, 398, 5),
(470, 25, 399, 54),
(471, 1, 400, 45),
(472, 32, 400, 43),
(473, 31, 401, 43),
(474, 17, 402, 23),
(475, 32, 403, 65),
(476, 50, 404, 34),
(477, 10, 405, 56),
(478, 30, 406, 65),
(479, 1, 407, 43),
(480, 14, 408, 32),
(481, 10, 409, 2),
(482, 35, 410, 34),
(483, 15, 411, 234),
(484, 18, 412, 14),
(485, 19, 413, 64),
(486, 19, 414, 15),
(487, 25, 415, 25),
(488, 25, 416, 25),
(489, 19, 417, 15),
(490, 25, 418, 50),
(491, 25, 419, 9),
(492, 19, 420, 9),
(493, 2, 421, 20),
(494, 28, 422, 50),
(495, 19, 423, 30),
(496, 15, 424, 100),
(497, 61, 425, 4),
(498, 64, 426, 54),
(499, 4, 427, 10),
(500, 37, 428, 100),
(501, 39, 428, 72),
(502, 38, 428, 38),
(503, 36, 429, 76),
(504, 32, 429, 65),
(505, 10, 429, 98),
(506, 31, 430, 6),
(507, 15, 431, 3),
(508, 61, 432, 234),
(509, 31, 433, 54),
(510, 30, 434, 6),
(511, 63, 435, 6),
(512, 64, 436, 87),
(513, 64, 437, 123),
(514, 65, 438, 12);

-- --------------------------------------------------------

--
-- Table structure for table `zanimanje`
--

CREATE TABLE `zanimanje` (
  `id` int(11) NOT NULL,
  `naziv` text NOT NULL
) ENGINE=InnoDB DEFAULT CHARSET=latin1;

--
-- Dumping data for table `zanimanje`
--

INSERT INTO `zanimanje` (`id`, `naziv`) VALUES
(1, 'admin'),
(2, 'skladištar'),
(3, 'blagajnik');

-- --------------------------------------------------------

--
-- Table structure for table `zaposlenik`
--

CREATE TABLE `zaposlenik` (
  `id` int(11) NOT NULL,
  `ime` varchar(20) NOT NULL,
  `prezime` varchar(20) NOT NULL,
  `zanimanje` int(11) NOT NULL,
  `korime` varchar(20) NOT NULL,
  `lozinka` varchar(20) NOT NULL,
  `e_mail` varchar(20) NOT NULL
) ENGINE=InnoDB DEFAULT CHARSET=latin1;

--
-- Dumping data for table `zaposlenik`
--

INSERT INTO `zaposlenik` (`id`, `ime`, `prezime`, `zanimanje`, `korime`, `lozinka`, `e_mail`) VALUES
(4, 'Ivan', 'Horvat', 1, 'admin', 'admin', 'ihorvat@gmail.com'),
(9, 'Hrvoje', 'Cosic', 2, 'hcosic2', 'hcosic2', 'hcosic2@gmail.hr'),
(13, 'Domagoj', 'Samardzic', 3, 'dsamardzic', 'dsamardzic', 'dsamardzic@foi.hr'),
(15, 'Marko', 'Marulic', 3, 'mmarulic', 'mmarulic', 'mmarulic@foi.hr');

--
-- Indexes for dumped tables
--

--
-- Indexes for table `artikli`
--
ALTER TABLE `artikli`
  ADD PRIMARY KEY (`id`),
  ADD KEY `dobavljac` (`dobavljac`);

--
-- Indexes for table `dobavljaci`
--
ALTER TABLE `dobavljaci`
  ADD PRIMARY KEY (`id`);

--
-- Indexes for table `narudzba`
--
ALTER TABLE `narudzba`
  ADD PRIMARY KEY (`id`),
  ADD KEY `id_zaposlenik` (`id_zaposlenik`);

--
-- Indexes for table `stavke_narudzbe`
--
ALTER TABLE `stavke_narudzbe`
  ADD PRIMARY KEY (`id_stavke`),
  ADD KEY `id_artikl` (`id_artikla`),
  ADD KEY `Id_narudzba` (`Id_narudzba`);

--
-- Indexes for table `zanimanje`
--
ALTER TABLE `zanimanje`
  ADD PRIMARY KEY (`id`);

--
-- Indexes for table `zaposlenik`
--
ALTER TABLE `zaposlenik`
  ADD PRIMARY KEY (`id`),
  ADD KEY `zanimanje` (`zanimanje`);

--
-- AUTO_INCREMENT for dumped tables
--

--
-- AUTO_INCREMENT for table `artikli`
--
ALTER TABLE `artikli`
  MODIFY `id` int(11) NOT NULL AUTO_INCREMENT, AUTO_INCREMENT=80;
--
-- AUTO_INCREMENT for table `dobavljaci`
--
ALTER TABLE `dobavljaci`
  MODIFY `id` int(11) NOT NULL AUTO_INCREMENT, AUTO_INCREMENT=7;
--
-- AUTO_INCREMENT for table `narudzba`
--
ALTER TABLE `narudzba`
  MODIFY `id` int(11) NOT NULL AUTO_INCREMENT, AUTO_INCREMENT=439;
--
-- AUTO_INCREMENT for table `stavke_narudzbe`
--
ALTER TABLE `stavke_narudzbe`
  MODIFY `id_stavke` int(11) NOT NULL AUTO_INCREMENT, AUTO_INCREMENT=515;
--
-- AUTO_INCREMENT for table `zanimanje`
--
ALTER TABLE `zanimanje`
  MODIFY `id` int(11) NOT NULL AUTO_INCREMENT, AUTO_INCREMENT=4;
--
-- AUTO_INCREMENT for table `zaposlenik`
--
ALTER TABLE `zaposlenik`
  MODIFY `id` int(11) NOT NULL AUTO_INCREMENT, AUTO_INCREMENT=16;
--
-- Constraints for dumped tables
--

--
-- Constraints for table `artikli`
--
ALTER TABLE `artikli`
  ADD CONSTRAINT `artikli_ibfk_1` FOREIGN KEY (`dobavljac`) REFERENCES `dobavljaci` (`id`) ON DELETE CASCADE ON UPDATE CASCADE;

--
-- Constraints for table `narudzba`
--
ALTER TABLE `narudzba`
  ADD CONSTRAINT `narudzba_ibfk_8` FOREIGN KEY (`id_zaposlenik`) REFERENCES `zaposlenik` (`id`) ON DELETE CASCADE ON UPDATE CASCADE;

--
-- Constraints for table `stavke_narudzbe`
--
ALTER TABLE `stavke_narudzbe`
  ADD CONSTRAINT `stavke_narudzbe_ibfk_1` FOREIGN KEY (`id_artikla`) REFERENCES `artikli` (`id`),
  ADD CONSTRAINT `stavke_narudzbe_ibfk_2` FOREIGN KEY (`Id_narudzba`) REFERENCES `narudzba` (`id`);

--
-- Constraints for table `zaposlenik`
--
ALTER TABLE `zaposlenik`
  ADD CONSTRAINT `zaposlenik_ibfk_3` FOREIGN KEY (`zanimanje`) REFERENCES `zanimanje` (`id`) ON DELETE CASCADE ON UPDATE CASCADE;

/*!40101 SET CHARACTER_SET_CLIENT=@OLD_CHARACTER_SET_CLIENT */;
/*!40101 SET CHARACTER_SET_RESULTS=@OLD_CHARACTER_SET_RESULTS */;
/*!40101 SET COLLATION_CONNECTION=@OLD_COLLATION_CONNECTION */;
